question,answer
What is the best time to plant tobacco?,The best time to plant tobacco in Zimbabwe is between October and December.
How often should I irrigate my tobacco crop?,Irrigate at least twice a week depending on weather and soil type.
How do I prevent tobacco diseases?,Use crop rotation resistant varieties and proper spacing.
Hello,Hello! How can I assist you with tobacco farming today?
Good morning,Good morning! What would you like to know about tobacco farming?
What is the best time to plant tobacco in Zimbabwe?,"The ideal time to plant tobacco in Zimbabwe is between mid-September and mid-October, depending on rainfall patterns."
How much fertilizer do I need per hectare?,"On average, you need about 800–1,200 kg of Compound C and 400–600 kg of Ammonium Nitrate per hectare, depending on soil fertility."
How do I calculate the amount of fertilizer for 0.5 hectares?,"If you're applying 1,000 kg/ha, for 0.5 ha you'd need 0.5 × 1000 = 500 kg of fertilizer."
Which pests affect tobacco crops?,"Common pests include aphids, tobacco hornworms, and cutworms. Early scouting and integrated pest management are key."
How often should I water my tobacco plants?,"Tobacco requires about 25–35 mm of water per week, either from rainfall or irrigation."
What is topping in tobacco?,Topping is the removal of the flower head to redirect energy to leaf development. It improves leaf quality and yield.
How long does tobacco take to mature?,Tobacco typically takes 90–120 days to mature after transplanting.
How do I cure tobacco?,Tobacco is usually cured in barns using heat (flue curing) over 4–6 days. Proper ventilation and temperature control are critical.
How do I know when tobacco is ready to harvest?,Leaves turn yellow-green and begin to droop. Harvesting is done by priming (leaf by leaf) from the bottom up.
How do I store cured tobacco?,"Store cured tobacco in dry, well-ventilated areas. Use bales wrapped in hessian or tobacco cloth to prevent mold."
What yield should I expect per hectare?,"A good yield is between 2,000 and 2,500 kg of cured leaf per hectare under proper management."
How do I calculate the value of my yield?,"Multiply your total kg of cured leaf by the current market price per kg. For example, 2,000 kg × $3/kg = $6,000."
How do I control weeds in my tobacco field?,"Use a combination of pre-emergent herbicides and manual weeding, especially during the early growth stages."
Which diseases affect tobacco?,"Major diseases include black shank, mosaic virus, and blue mold. Crop rotation and disease-resistant varieties help reduce risk."
What is the best variety of tobacco to grow in Zimbabwe?,"KRK26, T66, and K RK22 are popular flue-cured tobacco varieties suitable for most regions."
Goodbye,Goodbye! Feel free to reach out any time you have more questions. Happy farming!
Thank you,You're welcome! Wishing you a successful tobacco farming season.
See you tomorrow,I'll be here when you return. Take care!
